{
  "threshold": 0.05,
  "delay": 0.95,
  "T_per_fold": [
    0.05,
    0.5,
    0.4,
    0.05,
    0.4
  ],
  "D_per_fold": [
    1.1,
    0.1,
    0.85,
    1.4,
    1.3
  ],
  "T_std": 0.19131126469708992,
  "T_mean": 0.27999999999999997,
  "T_strategy": "conservative_p10"
}