{
  "threshold": 0.38,
  "delay": 0.6799999999999999,
  "T_per_fold": [
    0.2,
    0.35,
    0.5,
    0.45,
    0.4
  ],
  "D_per_fold": [
    0.9,
    1.2,
    0.15,
    0.4,
    0.75
  ],
  "T_std": 0.10295630140987001,
  "T_mean": 0.38,
  "T_strategy": "mean"
}